JobTitle,AvgEngagementLevel
Manager,2.7222222222222223
Executive,2.4074074074074074
Developer,2.066666666666667
Analyst,2.0
Coordinator,1.7692307692307692
Support,1.7272727272727273
